dataset,batch_size,scenario,mode,epoch,loss,acc
cifar100,512,0.Original,baseline,1,4.5013,0.037
cifar100,512,0.Original,baseline,2,4.2542,0.0669
cifar100,512,0.Original,baseline,3,4.1537,0.0768
cifar100,512,0.Original,baseline,4,4.077,0.0962
cifar100,512,0.Original,baseline,5,4.0081,0.0969
cifar100,512,0.Original,baseline,6,3.9447,0.11
cifar100,512,0.Original,baseline,7,3.8848,0.1156
cifar100,512,0.Original,baseline,8,3.8346,0.1233
cifar100,512,0.Original,baseline,9,3.7886,0.1292
cifar100,512,0.Original,baseline,10,3.7444,0.1344
cifar100,512,0.Original,baseline,11,3.7121,0.1384
cifar100,512,0.Original,baseline,12,3.6782,0.1477
cifar100,512,0.Original,baseline,13,3.649,0.1523
cifar100,512,0.Original,baseline,14,3.6174,0.1528
cifar100,512,0.Original,baseline,15,3.5965,0.1616
cifar100,512,0.Original,baseline,16,3.5713,0.1622
cifar100,512,0.Original,baseline,17,3.5455,0.172
cifar100,512,0.Original,baseline,18,3.5253,0.1715
cifar100,512,0.Original,baseline,19,3.5102,0.175
cifar100,512,0.Original,baseline,20,3.4867,0.1794
cifar100,512,0.Original,baseline,21,3.4731,0.1846
cifar100,512,0.Original,baseline,22,3.4568,0.1854
cifar100,512,0.Original,baseline,23,3.4421,0.1834
cifar100,512,0.Original,baseline,24,3.4217,0.1918
cifar100,512,0.Original,baseline,25,3.4116,0.1957
cifar100,512,0.Original,baseline,26,3.3987,0.1919
cifar100,512,0.Original,baseline,27,3.3858,0.2002
cifar100,512,0.Original,baseline,28,3.3769,0.1963
cifar100,512,0.Original,baseline,29,3.3567,0.2002
cifar100,512,0.Original,baseline,30,3.3478,0.2027
cifar100,512,0.Original,baseline,31,3.3339,0.2063
cifar100,512,0.Original,baseline,32,3.3247,0.211
cifar100,512,0.Original,baseline,33,3.3104,0.2084
cifar100,512,0.Original,baseline,34,3.3049,0.2123
cifar100,512,0.Original,baseline,35,3.2934,0.2197
cifar100,512,0.Original,baseline,36,3.2826,0.2145
cifar100,512,0.Original,baseline,37,3.2707,0.2238
cifar100,512,0.Original,baseline,38,3.2635,0.2202
cifar100,512,0.Original,baseline,39,3.2575,0.222
cifar100,512,0.Original,baseline,40,3.2436,0.2246
cifar100,512,0.Original,baseline,41,3.2326,0.23
cifar100,512,0.Original,baseline,42,3.2212,0.2287
cifar100,512,0.Original,baseline,43,3.2176,0.2314
cifar100,512,0.Original,baseline,44,3.2115,0.2349
cifar100,512,0.Original,baseline,45,3.2006,0.2301
cifar100,512,0.Original,baseline,46,3.1929,0.2312
cifar100,512,0.Original,baseline,47,3.1859,0.2364
cifar100,512,0.Original,baseline,48,3.1741,0.2363
cifar100,512,0.Original,baseline,49,3.1689,0.2348
cifar100,512,0.Original,baseline,50,3.1557,0.2402
cifar100,512,0.Original,baseline,51,3.1521,0.236
cifar100,512,0.Original,baseline,52,3.1453,0.2451
cifar100,512,0.Original,baseline,53,3.1377,0.2422
cifar100,512,0.Original,baseline,54,3.129,0.2424
cifar100,512,0.Original,baseline,55,3.13,0.2387
cifar100,512,0.Original,baseline,56,3.114,0.2398
cifar100,512,0.Original,baseline,57,3.1069,0.2436
cifar100,512,0.Original,baseline,58,3.1075,0.2503
cifar100,512,0.Original,baseline,59,3.0976,0.2477
cifar100,512,0.Original,baseline,60,3.0899,0.2425
cifar100,512,0.Original,baseline,61,3.086,0.2505
cifar100,512,0.Original,baseline,62,3.072,0.2506
cifar100,512,0.Original,baseline,63,3.0684,0.251
cifar100,512,0.Original,baseline,64,3.0654,0.2492
cifar100,512,0.Original,baseline,65,3.0561,0.2556
cifar100,512,0.Original,baseline,66,3.0543,0.2576
cifar100,512,0.Original,baseline,67,3.0498,0.2546
cifar100,512,0.Original,baseline,68,3.0469,0.2559
cifar100,512,0.Original,baseline,69,3.0453,0.2577
cifar100,512,0.Original,baseline,70,3.0296,0.2589
cifar100,512,0.Original,baseline,71,3.0263,0.2586
cifar100,512,0.Original,baseline,72,3.0245,0.2593
cifar100,512,0.Original,baseline,73,3.0212,0.2581
cifar100,512,0.Original,baseline,74,3.019,0.2586
cifar100,512,0.Original,baseline,75,3.0089,0.2642
cifar100,512,0.Original,baseline,76,3.0067,0.2606
cifar100,512,0.Original,baseline,77,3.0061,0.2575
cifar100,512,0.Original,baseline,78,2.9964,0.2619
cifar100,512,0.Original,baseline,79,2.995,0.2634
cifar100,512,0.Original,baseline,80,2.9909,0.2667
cifar100,512,0.Original,baseline,81,2.9854,0.2646
cifar100,512,0.Original,baseline,82,2.981,0.2627
cifar100,512,0.Original,baseline,83,2.9796,0.2692
cifar100,512,0.Original,baseline,84,2.9729,0.2652
cifar100,512,0.Original,baseline,85,2.9696,0.2699
cifar100,512,0.Original,baseline,86,2.9677,0.27
cifar100,512,0.Original,baseline,87,2.9639,0.2723
cifar100,512,0.Original,baseline,88,2.9611,0.2686
cifar100,512,0.Original,baseline,89,2.9584,0.2712
cifar100,512,0.Original,baseline,90,2.9585,0.2729
cifar100,512,0.Original,baseline,91,2.9497,0.2681
cifar100,512,0.Original,baseline,92,2.9448,0.2702
cifar100,512,0.Original,baseline,93,2.9435,0.2717
cifar100,512,0.Original,baseline,94,2.9442,0.2727
cifar100,512,0.Original,baseline,95,2.9383,0.274
cifar100,512,0.Original,baseline,96,2.9351,0.2726
cifar100,512,0.Original,baseline,97,2.937,0.2751
cifar100,512,0.Original,baseline,98,2.9338,0.279
cifar100,512,0.Original,baseline,99,2.9297,0.2755
cifar100,512,0.Original,baseline,100,2.9292,0.2784
cifar100,512,0.Original,baseline,101,2.9244,0.2796
cifar100,512,0.Original,baseline,102,2.9224,0.2778
cifar100,512,0.Original,baseline,103,2.9191,0.2762
cifar100,512,0.Original,baseline,104,2.9201,0.2776
cifar100,512,0.Original,baseline,105,2.9176,0.2722
cifar100,512,0.Original,baseline,106,2.9145,0.2782
cifar100,512,0.Original,baseline,107,2.9108,0.2787
cifar100,512,0.Original,baseline,108,2.9115,0.2809
cifar100,512,0.Original,baseline,109,2.9089,0.2795
cifar100,512,0.Original,baseline,110,2.907,0.2795
cifar100,512,0.Original,baseline,111,2.9093,0.2797
cifar100,512,0.Original,baseline,112,2.9075,0.28
cifar100,512,0.Original,baseline,113,2.9049,0.2807
cifar100,512,0.Original,baseline,114,2.9052,0.2789
cifar100,512,0.Original,baseline,115,2.8999,0.2821
cifar100,512,0.Original,baseline,116,2.8984,0.2808
cifar100,512,0.Original,baseline,117,2.8991,0.2809
cifar100,512,0.Original,baseline,118,2.8997,0.2817
cifar100,512,0.Original,baseline,119,2.8984,0.2809
cifar100,512,0.Original,baseline,120,2.8962,0.2802
cifar100,512,0.Original,baseline,121,2.8965,0.2825
cifar100,512,0.Original,baseline,122,2.8948,0.282
cifar100,512,0.Original,baseline,123,2.8947,0.2798
cifar100,512,0.Original,baseline,124,2.8927,0.2837
cifar100,512,0.Original,baseline,125,2.8909,0.2833
cifar100,512,0.Original,baseline,126,2.8913,0.2826
cifar100,512,0.Original,baseline,127,2.8911,0.2816
cifar100,512,0.Original,baseline,128,2.8882,0.2823
cifar100,512,0.Original,baseline,129,2.8901,0.2842
cifar100,512,0.Original,baseline,130,2.8862,0.2825
cifar100,512,0.Original,baseline,131,2.8895,0.2838
cifar100,512,0.Original,baseline,132,2.8883,0.2835
cifar100,512,0.Original,baseline,133,2.8854,0.2839
cifar100,512,0.Original,baseline,134,2.8867,0.284
cifar100,512,0.Original,baseline,135,2.8833,0.2836
cifar100,512,0.Original,baseline,136,2.8859,0.2845
cifar100,512,0.Original,baseline,137,2.8851,0.2847
cifar100,512,0.Original,baseline,138,2.8857,0.284
cifar100,512,0.Original,baseline,139,2.8827,0.2832
cifar100,512,0.Original,baseline,140,2.8843,0.2841
cifar100,512,0.Original,baseline,141,2.8814,0.2835
cifar100,512,0.Original,baseline,142,2.8807,0.284
cifar100,512,0.Original,baseline,143,2.8838,0.2841
cifar100,512,0.Original,baseline,144,2.8825,0.2842
cifar100,512,0.Original,baseline,145,2.8848,0.2838
cifar100,512,0.Original,baseline,146,2.8805,0.2839
cifar100,512,0.Original,baseline,147,2.881,0.2845
cifar100,512,0.Original,baseline,148,2.882,0.2841
cifar100,512,0.Original,baseline,149,2.88,0.284
cifar100,512,0.Original,baseline,150,2.8813,0.284
cifar100,512,0.Original,pfn,1,4.5362,0.0379
cifar100,512,0.Original,pfn,2,4.2749,0.0631
cifar100,512,0.Original,pfn,3,4.1439,0.0838
cifar100,512,0.Original,pfn,4,4.0604,0.0912
cifar100,512,0.Original,pfn,5,3.9812,0.1057
cifar100,512,0.Original,pfn,6,3.9129,0.1065
cifar100,512,0.Original,pfn,7,3.8449,0.1193
cifar100,512,0.Original,pfn,8,3.786,0.1246
cifar100,512,0.Original,pfn,9,3.7258,0.1339
cifar100,512,0.Original,pfn,10,3.6715,0.1462
cifar100,512,0.Original,pfn,11,3.6268,0.1556
cifar100,512,0.Original,pfn,12,3.585,0.174
cifar100,512,0.Original,pfn,13,3.5433,0.1646
cifar100,512,0.Original,pfn,14,3.5074,0.1785
cifar100,512,0.Original,pfn,15,3.4749,0.1859
cifar100,512,0.Original,pfn,16,3.4429,0.1876
cifar100,512,0.Original,pfn,17,3.4167,0.1908
cifar100,512,0.Original,pfn,18,3.3904,0.1962
cifar100,512,0.Original,pfn,19,3.3638,0.2097
cifar100,512,0.Original,pfn,20,3.3417,0.2054
cifar100,512,0.Original,pfn,21,3.3198,0.2113
cifar100,512,0.Original,pfn,22,3.2949,0.2147
cifar100,512,0.Original,pfn,23,3.2758,0.2158
cifar100,512,0.Original,pfn,24,3.249,0.2213
cifar100,512,0.Original,pfn,25,3.2326,0.2257
cifar100,512,0.Original,pfn,26,3.2129,0.2305
cifar100,512,0.Original,pfn,27,3.1937,0.2324
cifar100,512,0.Original,pfn,28,3.1791,0.2289
cifar100,512,0.Original,pfn,29,3.1605,0.2338
cifar100,512,0.Original,pfn,30,3.1397,0.2349
cifar100,512,0.Original,pfn,31,3.1159,0.2464
cifar100,512,0.Original,pfn,32,3.1019,0.2438
cifar100,512,0.Original,pfn,33,3.0819,0.2473
cifar100,512,0.Original,pfn,34,3.0646,0.2563
cifar100,512,0.Original,pfn,35,3.051,0.2578
cifar100,512,0.Original,pfn,36,3.0412,0.2565
cifar100,512,0.Original,pfn,37,3.0312,0.2615
cifar100,512,0.Original,pfn,38,3.0128,0.2574
cifar100,512,0.Original,pfn,39,2.9947,0.2616
cifar100,512,0.Original,pfn,40,2.9737,0.2685
cifar100,512,0.Original,pfn,41,2.9526,0.274
cifar100,512,0.Original,pfn,42,2.932,0.2632
cifar100,512,0.Original,pfn,43,2.9178,0.2809
cifar100,512,0.Original,pfn,44,2.9033,0.2847
cifar100,512,0.Original,pfn,45,2.8878,0.2807
cifar100,512,0.Original,pfn,46,2.88,0.2871
cifar100,512,0.Original,pfn,47,2.8559,0.2733
cifar100,512,0.Original,pfn,48,2.8521,0.282
cifar100,512,0.Original,pfn,49,2.8308,0.29
cifar100,512,0.Original,pfn,50,2.8186,0.2949
cifar100,512,0.Original,pfn,51,2.8057,0.297
cifar100,512,0.Original,pfn,52,2.7859,0.2995
cifar100,512,0.Original,pfn,53,2.7735,0.3009
cifar100,512,0.Original,pfn,54,2.7564,0.2958
cifar100,512,0.Original,pfn,55,2.7536,0.3055
cifar100,512,0.Original,pfn,56,2.7401,0.3055
cifar100,512,0.Original,pfn,57,2.7316,0.308
cifar100,512,0.Original,pfn,58,2.7059,0.3054
cifar100,512,0.Original,pfn,59,2.712,0.3127
cifar100,512,0.Original,pfn,60,2.699,0.3036
cifar100,512,0.Original,pfn,61,2.6833,0.3152
cifar100,512,0.Original,pfn,62,2.6811,0.3244
cifar100,512,0.Original,pfn,63,2.6634,0.3209
cifar100,512,0.Original,pfn,64,2.6494,0.3226
cifar100,512,0.Original,pfn,65,2.6414,0.3239
cifar100,512,0.Original,pfn,66,2.633,0.3182
cifar100,512,0.Original,pfn,67,2.6261,0.3195
cifar100,512,0.Original,pfn,68,2.6128,0.3207
cifar100,512,0.Original,pfn,69,2.6003,0.3288
cifar100,512,0.Original,pfn,70,2.5959,0.326
cifar100,512,0.Original,pfn,71,2.5834,0.328
cifar100,512,0.Original,pfn,72,2.5752,0.3257
cifar100,512,0.Original,pfn,73,2.5675,0.335
cifar100,512,0.Original,pfn,74,2.55,0.3448
cifar100,512,0.Original,pfn,75,2.5452,0.3366
cifar100,512,0.Original,pfn,76,2.5422,0.3408
cifar100,512,0.Original,pfn,77,2.5324,0.3459
cifar100,512,0.Original,pfn,78,2.5191,0.3396
cifar100,512,0.Original,pfn,79,2.5177,0.3395
cifar100,512,0.Original,pfn,80,2.5059,0.3483
cifar100,512,0.Original,pfn,81,2.4979,0.3454
cifar100,512,0.Original,pfn,82,2.4937,0.3444
cifar100,512,0.Original,pfn,83,2.4855,0.3494
cifar100,512,0.Original,pfn,84,2.4739,0.3556
cifar100,512,0.Original,pfn,85,2.4683,0.354
cifar100,512,0.Original,pfn,86,2.4561,0.3491
cifar100,512,0.Original,pfn,87,2.4548,0.3562
cifar100,512,0.Original,pfn,88,2.445,0.3609
cifar100,512,0.Original,pfn,89,2.4364,0.3537
cifar100,512,0.Original,pfn,90,2.4243,0.3557
cifar100,512,0.Original,pfn,91,2.4222,0.3552
cifar100,512,0.Original,pfn,92,2.408,0.3642
cifar100,512,0.Original,pfn,93,2.4073,0.3599
cifar100,512,0.Original,pfn,94,2.4043,0.3603
cifar100,512,0.Original,pfn,95,2.3997,0.3626
cifar100,512,0.Original,pfn,96,2.3909,0.3693
cifar100,512,0.Original,pfn,97,2.3802,0.3627
cifar100,512,0.Original,pfn,98,2.3785,0.3737
cifar100,512,0.Original,pfn,99,2.3656,0.3673
cifar100,512,0.Original,pfn,100,2.3671,0.3673
cifar100,512,0.Original,pfn,101,2.3548,0.3737
cifar100,512,0.Original,pfn,102,2.3459,0.3726
cifar100,512,0.Original,pfn,103,2.3543,0.3748
cifar100,512,0.Original,pfn,104,2.3323,0.3691
cifar100,512,0.Original,pfn,105,2.3237,0.3714
cifar100,512,0.Original,pfn,106,2.3296,0.3766
cifar100,512,0.Original,pfn,107,2.3183,0.38
cifar100,512,0.Original,pfn,108,2.3161,0.3796
cifar100,512,0.Original,pfn,109,2.3084,0.3844
cifar100,512,0.Original,pfn,110,2.3003,0.3776
cifar100,512,0.Original,pfn,111,2.2906,0.378
cifar100,512,0.Original,pfn,112,2.29,0.3819
cifar100,512,0.Original,pfn,113,2.2877,0.3865
cifar100,512,0.Original,pfn,114,2.2789,0.3893
cifar100,512,0.Original,pfn,115,2.2655,0.3904
cifar100,512,0.Original,pfn,116,2.2638,0.3832
cifar100,512,0.Original,pfn,117,2.264,0.3921
cifar100,512,0.Original,pfn,118,2.2533,0.3954
cifar100,512,0.Original,pfn,119,2.2476,0.3924
cifar100,512,0.Original,pfn,120,2.2402,0.3863
cifar100,512,0.Original,pfn,121,2.2396,0.3896
cifar100,512,0.Original,pfn,122,2.2318,0.3959
cifar100,512,0.Original,pfn,123,2.22,0.3973
cifar100,512,0.Original,pfn,124,2.2276,0.3954
cifar100,512,0.Original,pfn,125,2.2204,0.3989
cifar100,512,0.Original,pfn,126,2.21,0.3978
cifar100,512,0.Original,pfn,127,2.1994,0.3918
cifar100,512,0.Original,pfn,128,2.2037,0.3969
cifar100,512,0.Original,pfn,129,2.1956,0.4002
cifar100,512,0.Original,pfn,130,2.1893,0.4025
cifar100,512,0.Original,pfn,131,2.1823,0.394
cifar100,512,0.Original,pfn,132,2.1815,0.4046
cifar100,512,0.Original,pfn,133,2.1764,0.4124
cifar100,512,0.Original,pfn,134,2.1669,0.4081
cifar100,512,0.Original,pfn,135,2.1629,0.4026
cifar100,512,0.Original,pfn,136,2.1597,0.4077
cifar100,512,0.Original,pfn,137,2.1585,0.4074
cifar100,512,0.Original,pfn,138,2.1565,0.4085
cifar100,512,0.Original,pfn,139,2.1506,0.4092
cifar100,512,0.Original,pfn,140,2.1401,0.4138
cifar100,512,0.Original,pfn,141,2.142,0.4168
cifar100,512,0.Original,pfn,142,2.1355,0.4051
cifar100,512,0.Original,pfn,143,2.1273,0.4111
cifar100,512,0.Original,pfn,144,2.1213,0.4176
cifar100,512,0.Original,pfn,145,2.1188,0.414
cifar100,512,0.Original,pfn,146,2.1137,0.4166
cifar100,512,0.Original,pfn,147,2.0984,0.4183
cifar100,512,0.Original,pfn,148,2.0929,0.4218
cifar100,512,0.Original,pfn,149,2.0861,0.4218
cifar100,512,0.Original,pfn,150,2.0737,0.4232
cifar100,512,1.Bottleneck,baseline,1,4.564,0.022
cifar100,512,1.Bottleneck,baseline,2,4.3266,0.0409
cifar100,512,1.Bottleneck,baseline,3,4.1872,0.0628
cifar100,512,1.Bottleneck,baseline,4,4.083,0.081
cifar100,512,1.Bottleneck,baseline,5,4.0158,0.0942
cifar100,512,1.Bottleneck,baseline,6,3.9638,0.0926
cifar100,512,1.Bottleneck,baseline,7,3.9233,0.1026
cifar100,512,1.Bottleneck,baseline,8,3.8816,0.1128
cifar100,512,1.Bottleneck,baseline,9,3.8507,0.1161
cifar100,512,1.Bottleneck,baseline,10,3.8224,0.1241
cifar100,512,1.Bottleneck,baseline,11,3.7896,0.1277
cifar100,512,1.Bottleneck,baseline,12,3.7638,0.1316
cifar100,512,1.Bottleneck,baseline,13,3.7384,0.1378
cifar100,512,1.Bottleneck,baseline,14,3.7165,0.1371
cifar100,512,1.Bottleneck,baseline,15,3.6975,0.1447
cifar100,512,1.Bottleneck,baseline,16,3.6718,0.1437
cifar100,512,1.Bottleneck,baseline,17,3.656,0.155
cifar100,512,1.Bottleneck,baseline,18,3.6386,0.1583
cifar100,512,1.Bottleneck,baseline,19,3.6255,0.1533
cifar100,512,1.Bottleneck,baseline,20,3.6114,0.1613
cifar100,512,1.Bottleneck,baseline,21,3.5945,0.1614
cifar100,512,1.Bottleneck,baseline,22,3.5804,0.1598
cifar100,512,1.Bottleneck,baseline,23,3.5684,0.1652
cifar100,512,1.Bottleneck,baseline,24,3.5561,0.1731
cifar100,512,1.Bottleneck,baseline,25,3.5443,0.173
cifar100,512,1.Bottleneck,baseline,26,3.531,0.1752
cifar100,512,1.Bottleneck,baseline,27,3.5198,0.1706
cifar100,512,1.Bottleneck,baseline,28,3.5134,0.1779
cifar100,512,1.Bottleneck,baseline,29,3.4994,0.1833
cifar100,512,1.Bottleneck,baseline,30,3.4902,0.177
cifar100,512,1.Bottleneck,baseline,31,3.48,0.187
cifar100,512,1.Bottleneck,baseline,32,3.4739,0.1849
cifar100,512,1.Bottleneck,baseline,33,3.4614,0.1847
cifar100,512,1.Bottleneck,baseline,34,3.4516,0.1874
cifar100,512,1.Bottleneck,baseline,35,3.4433,0.1915
cifar100,512,1.Bottleneck,baseline,36,3.437,0.1902
cifar100,512,1.Bottleneck,baseline,37,3.4243,0.1986
cifar100,512,1.Bottleneck,baseline,38,3.418,0.1964
cifar100,512,1.Bottleneck,baseline,39,3.406,0.1967
cifar100,512,1.Bottleneck,baseline,40,3.3986,0.2021
cifar100,512,1.Bottleneck,baseline,41,3.3956,0.2013
cifar100,512,1.Bottleneck,baseline,42,3.3845,0.2009
cifar100,512,1.Bottleneck,baseline,43,3.3823,0.2057
cifar100,512,1.Bottleneck,baseline,44,3.3732,0.2056
cifar100,512,1.Bottleneck,baseline,45,3.3636,0.2048
cifar100,512,1.Bottleneck,baseline,46,3.3577,0.2031
cifar100,512,1.Bottleneck,baseline,47,3.3535,0.21
cifar100,512,1.Bottleneck,baseline,48,3.347,0.2094
cifar100,512,1.Bottleneck,baseline,49,3.3416,0.2089
cifar100,512,1.Bottleneck,baseline,50,3.3344,0.2144
cifar100,512,1.Bottleneck,baseline,51,3.3223,0.2115
cifar100,512,1.Bottleneck,baseline,52,3.3185,0.2148
cifar100,512,1.Bottleneck,baseline,53,3.3156,0.2144
cifar100,512,1.Bottleneck,baseline,54,3.3061,0.2182
cifar100,512,1.Bottleneck,baseline,55,3.3018,0.2118
cifar100,512,1.Bottleneck,baseline,56,3.297,0.216
cifar100,512,1.Bottleneck,baseline,57,3.2904,0.2217
cifar100,512,1.Bottleneck,baseline,58,3.2827,0.2185
cifar100,512,1.Bottleneck,baseline,59,3.2811,0.2195
cifar100,512,1.Bottleneck,baseline,60,3.2748,0.2235
cifar100,512,1.Bottleneck,baseline,61,3.2713,0.22
cifar100,512,1.Bottleneck,baseline,62,3.2663,0.2192
cifar100,512,1.Bottleneck,baseline,63,3.2644,0.224
cifar100,512,1.Bottleneck,baseline,64,3.255,0.2247
cifar100,512,1.Bottleneck,baseline,65,3.2529,0.2283
cifar100,512,1.Bottleneck,baseline,66,3.2465,0.2278
cifar100,512,1.Bottleneck,baseline,67,3.2432,0.2279
cifar100,512,1.Bottleneck,baseline,68,3.2412,0.228
cifar100,512,1.Bottleneck,baseline,69,3.2355,0.2291
cifar100,512,1.Bottleneck,baseline,70,3.229,0.2281
cifar100,512,1.Bottleneck,baseline,71,3.2263,0.2293
cifar100,512,1.Bottleneck,baseline,72,3.2212,0.232
cifar100,512,1.Bottleneck,baseline,73,3.2164,0.2339
cifar100,512,1.Bottleneck,baseline,74,3.2129,0.2306
cifar100,512,1.Bottleneck,baseline,75,3.2101,0.2339
cifar100,512,1.Bottleneck,baseline,76,3.2067,0.2345
cifar100,512,1.Bottleneck,baseline,77,3.2043,0.2323
cifar100,512,1.Bottleneck,baseline,78,3.1954,0.236
cifar100,512,1.Bottleneck,baseline,79,3.1945,0.2336
cifar100,512,1.Bottleneck,baseline,80,3.1938,0.2386
cifar100,512,1.Bottleneck,baseline,81,3.1875,0.2362
cifar100,512,1.Bottleneck,baseline,82,3.1868,0.234
cifar100,512,1.Bottleneck,baseline,83,3.1822,0.2393
cifar100,512,1.Bottleneck,baseline,84,3.1801,0.2382
cifar100,512,1.Bottleneck,baseline,85,3.1781,0.2417
cifar100,512,1.Bottleneck,baseline,86,3.1716,0.2379
cifar100,512,1.Bottleneck,baseline,87,3.1686,0.241
cifar100,512,1.Bottleneck,baseline,88,3.1649,0.2388
cifar100,512,1.Bottleneck,baseline,89,3.1658,0.2402
cifar100,512,1.Bottleneck,baseline,90,3.163,0.2398
cifar100,512,1.Bottleneck,baseline,91,3.162,0.2399
cifar100,512,1.Bottleneck,baseline,92,3.156,0.242
cifar100,512,1.Bottleneck,baseline,93,3.1563,0.243
cifar100,512,1.Bottleneck,baseline,94,3.1535,0.2425
cifar100,512,1.Bottleneck,baseline,95,3.1481,0.2424
cifar100,512,1.Bottleneck,baseline,96,3.1516,0.2447
cifar100,512,1.Bottleneck,baseline,97,3.1435,0.2429
cifar100,512,1.Bottleneck,baseline,98,3.1391,0.2444
cifar100,512,1.Bottleneck,baseline,99,3.1407,0.2459
cifar100,512,1.Bottleneck,baseline,100,3.1373,0.2469
cifar100,512,1.Bottleneck,baseline,101,3.1318,0.246
cifar100,512,1.Bottleneck,baseline,102,3.1343,0.2476
cifar100,512,1.Bottleneck,baseline,103,3.1331,0.2459
cifar100,512,1.Bottleneck,baseline,104,3.1311,0.2495
cifar100,512,1.Bottleneck,baseline,105,3.125,0.2443
cifar100,512,1.Bottleneck,baseline,106,3.1278,0.2502
cifar100,512,1.Bottleneck,baseline,107,3.1279,0.2449
cifar100,512,1.Bottleneck,baseline,108,3.125,0.2477
cifar100,512,1.Bottleneck,baseline,109,3.1218,0.2484
cifar100,512,1.Bottleneck,baseline,110,3.1193,0.2459
cifar100,512,1.Bottleneck,baseline,111,3.1227,0.2481
cifar100,512,1.Bottleneck,baseline,112,3.1187,0.2485
cifar100,512,1.Bottleneck,baseline,113,3.1189,0.249
cifar100,512,1.Bottleneck,baseline,114,3.1164,0.2473
cifar100,512,1.Bottleneck,baseline,115,3.1164,0.2507
cifar100,512,1.Bottleneck,baseline,116,3.1175,0.2481
cifar100,512,1.Bottleneck,baseline,117,3.1077,0.2495
cifar100,512,1.Bottleneck,baseline,118,3.1102,0.2512
cifar100,512,1.Bottleneck,baseline,119,3.1122,0.2501
cifar100,512,1.Bottleneck,baseline,120,3.1073,0.2501
cifar100,512,1.Bottleneck,baseline,121,3.1092,0.252
cifar100,512,1.Bottleneck,baseline,122,3.1065,0.2502
cifar100,512,1.Bottleneck,baseline,123,3.1081,0.2495
cifar100,512,1.Bottleneck,baseline,124,3.1047,0.2506
cifar100,512,1.Bottleneck,baseline,125,3.1009,0.2499
cifar100,512,1.Bottleneck,baseline,126,3.1055,0.2509
cifar100,512,1.Bottleneck,baseline,127,3.1047,0.2501
cifar100,512,1.Bottleneck,baseline,128,3.1071,0.2522
cifar100,512,1.Bottleneck,baseline,129,3.1052,0.2509
cifar100,512,1.Bottleneck,baseline,130,3.1036,0.2518
cifar100,512,1.Bottleneck,baseline,131,3.1051,0.2502
cifar100,512,1.Bottleneck,baseline,132,3.1047,0.2504
cifar100,512,1.Bottleneck,baseline,133,3.1035,0.252
cifar100,512,1.Bottleneck,baseline,134,3.1042,0.252
cifar100,512,1.Bottleneck,baseline,135,3.101,0.2515
cifar100,512,1.Bottleneck,baseline,136,3.0988,0.2512
cifar100,512,1.Bottleneck,baseline,137,3.0951,0.2519
cifar100,512,1.Bottleneck,baseline,138,3.0981,0.2514
cifar100,512,1.Bottleneck,baseline,139,3.0976,0.2523
cifar100,512,1.Bottleneck,baseline,140,3.1029,0.2523
cifar100,512,1.Bottleneck,baseline,141,3.1008,0.2524
cifar100,512,1.Bottleneck,baseline,142,3.0964,0.2521
cifar100,512,1.Bottleneck,baseline,143,3.0995,0.2518
cifar100,512,1.Bottleneck,baseline,144,3.096,0.2518
cifar100,512,1.Bottleneck,baseline,145,3.0979,0.2515
cifar100,512,1.Bottleneck,baseline,146,3.0985,0.2518
cifar100,512,1.Bottleneck,baseline,147,3.0944,0.2521
cifar100,512,1.Bottleneck,baseline,148,3.098,0.2518
cifar100,512,1.Bottleneck,baseline,149,3.096,0.2518
cifar100,512,1.Bottleneck,baseline,150,3.0986,0.2519
cifar100,512,1.Bottleneck,pfn,1,4.5433,0.0309
cifar100,512,1.Bottleneck,pfn,2,4.3146,0.0433
cifar100,512,1.Bottleneck,pfn,3,4.1516,0.0649
cifar100,512,1.Bottleneck,pfn,4,4.0682,0.0812
cifar100,512,1.Bottleneck,pfn,5,4.0022,0.0963
cifar100,512,1.Bottleneck,pfn,6,3.9459,0.1001
cifar100,512,1.Bottleneck,pfn,7,3.902,0.1128
cifar100,512,1.Bottleneck,pfn,8,3.8618,0.1222
cifar100,512,1.Bottleneck,pfn,9,3.82,0.1241
cifar100,512,1.Bottleneck,pfn,10,3.7856,0.1345
cifar100,512,1.Bottleneck,pfn,11,3.7512,0.1344
cifar100,512,1.Bottleneck,pfn,12,3.7276,0.1382
cifar100,512,1.Bottleneck,pfn,13,3.7017,0.1418
cifar100,512,1.Bottleneck,pfn,14,3.677,0.1461
cifar100,512,1.Bottleneck,pfn,15,3.6555,0.1547
cifar100,512,1.Bottleneck,pfn,16,3.6315,0.158
cifar100,512,1.Bottleneck,pfn,17,3.6122,0.1582
cifar100,512,1.Bottleneck,pfn,18,3.5913,0.1683
cifar100,512,1.Bottleneck,pfn,19,3.5708,0.162
cifar100,512,1.Bottleneck,pfn,20,3.5536,0.1686
cifar100,512,1.Bottleneck,pfn,21,3.5346,0.1727
cifar100,512,1.Bottleneck,pfn,22,3.5229,0.1772
cifar100,512,1.Bottleneck,pfn,23,3.5071,0.1773
cifar100,512,1.Bottleneck,pfn,24,3.4907,0.1812
cifar100,512,1.Bottleneck,pfn,25,3.4759,0.1841
cifar100,512,1.Bottleneck,pfn,26,3.4609,0.1867
cifar100,512,1.Bottleneck,pfn,27,3.4506,0.1943
cifar100,512,1.Bottleneck,pfn,28,3.4309,0.1938
cifar100,512,1.Bottleneck,pfn,29,3.4201,0.196
cifar100,512,1.Bottleneck,pfn,30,3.4083,0.1939
cifar100,512,1.Bottleneck,pfn,31,3.395,0.1999
cifar100,512,1.Bottleneck,pfn,32,3.3789,0.2043
cifar100,512,1.Bottleneck,pfn,33,3.3665,0.2094
cifar100,512,1.Bottleneck,pfn,34,3.358,0.2069
cifar100,512,1.Bottleneck,pfn,35,3.34,0.2098
cifar100,512,1.Bottleneck,pfn,36,3.3333,0.2163
cifar100,512,1.Bottleneck,pfn,37,3.3173,0.213
cifar100,512,1.Bottleneck,pfn,38,3.3074,0.2164
cifar100,512,1.Bottleneck,pfn,39,3.2995,0.2179
cifar100,512,1.Bottleneck,pfn,40,3.29,0.2224
cifar100,512,1.Bottleneck,pfn,41,3.2797,0.223
cifar100,512,1.Bottleneck,pfn,42,3.2697,0.2281
cifar100,512,1.Bottleneck,pfn,43,3.2556,0.2243
cifar100,512,1.Bottleneck,pfn,44,3.2511,0.2263
cifar100,512,1.Bottleneck,pfn,45,3.2416,0.2352
cifar100,512,1.Bottleneck,pfn,46,3.2284,0.2335
cifar100,512,1.Bottleneck,pfn,47,3.222,0.2387
cifar100,512,1.Bottleneck,pfn,48,3.2118,0.2355
cifar100,512,1.Bottleneck,pfn,49,3.2067,0.2335
cifar100,512,1.Bottleneck,pfn,50,3.1964,0.2354
cifar100,512,1.Bottleneck,pfn,51,3.1882,0.2407
cifar100,512,1.Bottleneck,pfn,52,3.183,0.2458
cifar100,512,1.Bottleneck,pfn,53,3.1709,0.2402
cifar100,512,1.Bottleneck,pfn,54,3.1632,0.2482
cifar100,512,1.Bottleneck,pfn,55,3.1523,0.2469
cifar100,512,1.Bottleneck,pfn,56,3.1506,0.2463
cifar100,512,1.Bottleneck,pfn,57,3.1423,0.2516
cifar100,512,1.Bottleneck,pfn,58,3.1414,0.2508
cifar100,512,1.Bottleneck,pfn,59,3.1293,0.2513
cifar100,512,1.Bottleneck,pfn,60,3.1214,0.2505
cifar100,512,1.Bottleneck,pfn,61,3.1172,0.2591
cifar100,512,1.Bottleneck,pfn,62,3.1124,0.2549
cifar100,512,1.Bottleneck,pfn,63,3.1037,0.2568
cifar100,512,1.Bottleneck,pfn,64,3.0918,0.2588
cifar100,512,1.Bottleneck,pfn,65,3.092,0.2619
cifar100,512,1.Bottleneck,pfn,66,3.0863,0.2629
cifar100,512,1.Bottleneck,pfn,67,3.0806,0.2637
cifar100,512,1.Bottleneck,pfn,68,3.0684,0.2647
cifar100,512,1.Bottleneck,pfn,69,3.0693,0.2624
cifar100,512,1.Bottleneck,pfn,70,3.0635,0.26
cifar100,512,1.Bottleneck,pfn,71,3.0576,0.2641
cifar100,512,1.Bottleneck,pfn,72,3.0504,0.2612
cifar100,512,1.Bottleneck,pfn,73,3.045,0.2696
cifar100,512,1.Bottleneck,pfn,74,3.0428,0.2671
cifar100,512,1.Bottleneck,pfn,75,3.0362,0.2683
cifar100,512,1.Bottleneck,pfn,76,3.0291,0.2694
cifar100,512,1.Bottleneck,pfn,77,3.0256,0.2737
cifar100,512,1.Bottleneck,pfn,78,3.0211,0.2734
cifar100,512,1.Bottleneck,pfn,79,3.0161,0.2728
cifar100,512,1.Bottleneck,pfn,80,3.0106,0.2747
cifar100,512,1.Bottleneck,pfn,81,3.0069,0.2733
cifar100,512,1.Bottleneck,pfn,82,3.0028,0.2711
cifar100,512,1.Bottleneck,pfn,83,2.9968,0.2798
cifar100,512,1.Bottleneck,pfn,84,2.992,0.2796
cifar100,512,1.Bottleneck,pfn,85,2.9924,0.2738
cifar100,512,1.Bottleneck,pfn,86,2.9853,0.2778
cifar100,512,1.Bottleneck,pfn,87,2.9822,0.2771
cifar100,512,1.Bottleneck,pfn,88,2.9708,0.2858
cifar100,512,1.Bottleneck,pfn,89,2.9681,0.2822
cifar100,512,1.Bottleneck,pfn,90,2.9704,0.2841
cifar100,512,1.Bottleneck,pfn,91,2.965,0.2825
cifar100,512,1.Bottleneck,pfn,92,2.9662,0.282
cifar100,512,1.Bottleneck,pfn,93,2.9549,0.2835
cifar100,512,1.Bottleneck,pfn,94,2.9504,0.2815
cifar100,512,1.Bottleneck,pfn,95,2.9469,0.2846
cifar100,512,1.Bottleneck,pfn,96,2.9425,0.2867
cifar100,512,1.Bottleneck,pfn,97,2.9365,0.2867
cifar100,512,1.Bottleneck,pfn,98,2.9363,0.2858
cifar100,512,1.Bottleneck,pfn,99,2.9369,0.289
cifar100,512,1.Bottleneck,pfn,100,2.929,0.2854
cifar100,512,1.Bottleneck,pfn,101,2.9222,0.2896
cifar100,512,1.Bottleneck,pfn,102,2.921,0.2917
cifar100,512,1.Bottleneck,pfn,103,2.9237,0.2873
cifar100,512,1.Bottleneck,pfn,104,2.9125,0.2911
cifar100,512,1.Bottleneck,pfn,105,2.9086,0.2959
cifar100,512,1.Bottleneck,pfn,106,2.9045,0.2913
cifar100,512,1.Bottleneck,pfn,107,2.9027,0.2921
cifar100,512,1.Bottleneck,pfn,108,2.8977,0.2951
cifar100,512,1.Bottleneck,pfn,109,2.898,0.291
cifar100,512,1.Bottleneck,pfn,110,2.8967,0.2945
cifar100,512,1.Bottleneck,pfn,111,2.8873,0.2942
cifar100,512,1.Bottleneck,pfn,112,2.8867,0.296
cifar100,512,1.Bottleneck,pfn,113,2.8882,0.2941
cifar100,512,1.Bottleneck,pfn,114,2.8801,0.2945
cifar100,512,1.Bottleneck,pfn,115,2.8768,0.2942
cifar100,512,1.Bottleneck,pfn,116,2.8764,0.3
cifar100,512,1.Bottleneck,pfn,117,2.8707,0.3034
cifar100,512,1.Bottleneck,pfn,118,2.8652,0.3
cifar100,512,1.Bottleneck,pfn,119,2.8623,0.2987
cifar100,512,1.Bottleneck,pfn,120,2.8595,0.3002
cifar100,512,1.Bottleneck,pfn,121,2.8615,0.3
cifar100,512,1.Bottleneck,pfn,122,2.8558,0.3012
cifar100,512,1.Bottleneck,pfn,123,2.8572,0.2988
cifar100,512,1.Bottleneck,pfn,124,2.8468,0.3007
cifar100,512,1.Bottleneck,pfn,125,2.8518,0.2995
cifar100,512,1.Bottleneck,pfn,126,2.84,0.2998
cifar100,512,1.Bottleneck,pfn,127,2.8384,0.3027
cifar100,512,1.Bottleneck,pfn,128,2.8393,0.3003
cifar100,512,1.Bottleneck,pfn,129,2.8384,0.3041
cifar100,512,1.Bottleneck,pfn,130,2.8319,0.3068
cifar100,512,1.Bottleneck,pfn,131,2.8299,0.3072
cifar100,512,1.Bottleneck,pfn,132,2.8258,0.3064
cifar100,512,1.Bottleneck,pfn,133,2.8256,0.3011
cifar100,512,1.Bottleneck,pfn,134,2.8183,0.3039
cifar100,512,1.Bottleneck,pfn,135,2.8137,0.3039
cifar100,512,1.Bottleneck,pfn,136,2.8164,0.3039
cifar100,512,1.Bottleneck,pfn,137,2.8143,0.3069
cifar100,512,1.Bottleneck,pfn,138,2.81,0.3089
cifar100,512,1.Bottleneck,pfn,139,2.8052,0.3125
cifar100,512,1.Bottleneck,pfn,140,2.7998,0.3093
cifar100,512,1.Bottleneck,pfn,141,2.8001,0.3113
cifar100,512,1.Bottleneck,pfn,142,2.8014,0.31
cifar100,512,1.Bottleneck,pfn,143,2.792,0.3107
cifar100,512,1.Bottleneck,pfn,144,2.7878,0.3097
cifar100,512,1.Bottleneck,pfn,145,2.7898,0.3123
cifar100,512,1.Bottleneck,pfn,146,2.7812,0.3123
cifar100,512,1.Bottleneck,pfn,147,2.7788,0.312
cifar100,512,1.Bottleneck,pfn,148,2.7877,0.3143
cifar100,512,1.Bottleneck,pfn,149,2.7788,0.3145
cifar100,512,1.Bottleneck,pfn,150,2.7783,0.3155
cifar100,512,2.Deep,baseline,1,4.6012,0.0164
